"Status","PL-ID","Flags","Source","Draft dialogue","Seed-EX","Score","Concept","Moves","Rubric","Turns","Trigger","Difficulty","Misconception","Anchors"
"auto-validated","PL-001","grounding-partial","corpus/inw/book1/ch01_v5.1.md","S: I counted buttercups in the park and got fives and eights, sometimes thirteen. Why always those numbers — is someone enforcing this?|N: No enforcer needed. First: what did you actually count — petals, or something the plant was doing?|S: Petals... but the counts came in a run: five, then eight, then thirteen. It felt like the numbers came from the flowers, not from me.|N: Then test the smallest case. If one whorl is five and the next is eight, what rule connects them?|S: Eight is five plus the one before it... each number is the two before it, added together. So the plant is already doing the addition, and thirteen was waiting in the rule.|N: Why might adding the past build the next whorl?|S: Because each new whorl grows out of what is already there — the plant can only add on to what it has, so the two before sum into the next.|N: So nobody enforced five and eight — the adding itself was the rule. That is the Fibonacci sequence, and you derived it from your own park, Sophie.","EX-001","9","Fibonacci sequence — deriving the rule from petal counts","elicit-observation,redirect,structural-why,name-last,credit-the-student","(1) student's counts treated as evidence; (2) rule elicited, not told; (3) future count predicted; (4) growth-from-what-exists reasoned; (5) credit without cheerleading","4","I counted buttercups in the park and got fives and eights. Why always those numbers — is someone enforcing this?","2","Reading the pattern as intervals (differences) instead of generation (sums)","'3 + 5 = 8! … Each number is made by adding the two numbers before it!' (ch01: 'You just discovered the Fibonacci sequence.')"
"auto-validated","PL-002","","corpus/inw/book1/ch01_v5.1.md","S: Shouldn't we call it the Bonacci sequence? Leonardo just carried the book to Europe — discoverers get the name.|N: Careful with the word carried. Before Leonardo, who had already been using the rule, and where?|S: The chapter said a scholar in India named Pingala studied it more than two thousand years ago — and misrau cha, the two are mixed, was already about combining.|N: So if the rule was old by Leonardo's time, what exactly did he contribute?|S: Not discovery — transport. He carried place value and the sequence to Europe roughly fourteen hundred years later. The naming happened to stick to the courier.|N: Then what does that distinction protect us from?|S: From reading a name in a textbook as proof of origin. Naming is not discovering — the evidence of provenance outranks the label.|N: Precisely — and you separated the two on your own, Sophie.","EX-003","10","Provenance — Pingala, Bonacci, Lucas; naming is not discovering","history-as-evidence,redirect,belief-vs-knowledge,name-last,credit-the-student","(1) provenance evidence recalled; (2) contribution vs discovery separated; (3) naming-is-not-discovering stated by student; (4) no Europe-centric residue; (5) close credits the reasoning","4","Shouldn't we call it the Bonacci sequence? Leonardo just carried the book to Europe — discoverers get the name.","2","Conflating 'named after' with 'discovered by'; European-centric attribution","'More than two thousand years ago… a scholar in India named Pingala'; 'misrau cha—'the two are mixed.''; 'Roughly fourteen hundred years'; Lucas 'in the 1800s'"
"auto-validated","PL-003","grounding-partial","corpus/inw/book1/ch01_v5.1.md","S: We listed ratios of neighboring Fibonacci numbers: 5/3, 8/5, 13/8. They keep changing — where is the famous golden thing?|N: Where are the ratios heading as the numbers grow? Compare 5/3 and 13/8 — which is closer to 1.6?|S: 13/8 is 1.625, much nearer 1.6 than 5/3 at about 1.67. The ratios are squeezing toward some fixed value from both sides.|N: And what must that value satisfy, if each new count is the sum of the two before?|S: If the ratio settles at r, then r equals one plus one over r — because the next ratio is built the same way from the next pair.|N: So the target is not arbitrary — it is the only number that survives its own rule. What is it called?|S: The golden ratio — about 1.618 — the limit the ratios converge to without ever quite landing.|N: You boxed the limit in from your own table before I named it — that is exactly how it should be found, Sophie.","EX-005","9","Golden ratio — ratio convergence of consecutive Fibonacci numbers","elicit-observation,tabulate,structural-why,name-last,credit-the-student","(1) ratio table read as convergence; (2) fixed-point relation elicited; (3) limit named only after the property; (4) both-sides squeeze understood; (5) no decimal worship — approximation honored","4","We listed ratios of neighboring Fibonacci numbers: 5/3, 8/5, 13/8. They keep changing — where is the famous golden thing?","3","Treating 1.618 as an arbitrary constant, or believing the ratios reach it exactly","'5 ÷ 3 = 1.666…; 8 ÷ 5 = 1.6; 13 ÷ 8 = 1.625; 21 ÷ 13 = 1.615…; 34 ÷ 21 = 1.619…'; 'they never quite reach exactly 1.618—that number goes on forever without repeating'"
"auto-validated","PL-004","grounding-partial","corpus/inw/book1/ch01_v5.1.md","S: Meru Prastara's rows go 1, 2, 4, 8, 16. Why does the staircase double every row — is that a coincidence?|N: Take one row becoming the next. How many parents does each entry have in the row above?|S: Two — each number is the sum of the two above it, the one up-left and the one up-right.|N: Then if every entry needs two parents, how do the total parents compare to the row's count?|S: Each entry is shared by two children, so the total doubles — every row must be the sum of twice the row before. Sixteen is not luck; it is arithmetic.|N: So the doubling is the row-total shadow of one local rule. What is the staircase called?|S: Meru Prastara — the staircase of Mount Meru, and its doubling is just every entry summing from two parents.|N: You derived the doubling from the sharing — the structure told you, Sophie.","EX-007","8","Meru Prastara — staircase of Mount Meru; why row totals double","elicit-observation,structural-why,quantify,name-last,credit-the-student","(1) two-parent rule stated; (2) doubling derived, not asserted; (3) shared-parent counting shown; (4) name given after property met; (5) no mystical framing of the total","4","Meru Prastara's rows go 1, 2, 4, 8, 16. Why does the staircase double every row — is that a coincidence?","2","Memorizing the doubling fact without the reason; 'Pascal' as the origin","'A scholar named Halayudha drew this exact triangle in the tenth century… He called it Meru Prastara—the staircase of Mount Meru.'; 'every number in a row contributes to two numbers in the next row. So the total doubles each time.'"
"auto-validated","PL-005","grounding-partial","corpus/inw/book1/ch02_v5.1.md","S: Roman numerals worked for Rome for centuries. What was actually wrong with them that place value fixed?|N: Try the multiplication XXXVII times XII in Roman style, then in columns. Where does the pain appear?|S: In the columns — with place value each position is a power of ten, so a digit's worth depends only on where it sits, and the same small table works everywhere.|N: And what did Leonardo do with that machinery?|S: He carried the digital system to Europe — the one that makes calculation mechanical instead of a puzzle of letter-stacking.|N: So the fix was not new numbers but a new grammar for old numbers. What is that grammar called?|S: Place value — position itself carries the magnitude, so ten symbols can encode any size.|N: You located the failure and the fix by doing, not by being told — hold onto that instinct, Sophie.","EX-011","8","Place value — the digital system Leonardo carried to Europe","elicit-observation,redirect,structural-why,credit-the-student","(1) pain point demonstrated by attempt; (2) position-carries-magnitude articulated; (3) Leonardo framed as carrier; (4) grammar-vs-numbers distinction; (5) student owns the contrast","4","Roman numerals worked for Rome for centuries. What was actually wrong with them that place value fixed?","2","Believing a digit's value is fixed by its symbol; treating Roman numerals as adequate for calculation","Same digit—three—but it means three, then thirty, then three hundred. What changed is where it sits.; a number's value depends on its place. They call it place value; Without a zero, place value falls apart."
"rejected-structural","PL-006","no-quotes-parsed;grounding-partial","corpus/inw/book1/ch02_v5.1.md","S: Where does the square root of five even come from in phi equals one plus root-five over two? Nobody grows root-five in a garden.|N: Start from the ratio's own law: r equals one plus one over r. Clear the fraction — what equation does r obey?|S: r squared equals r plus one, so r squared minus r minus one equals zero.|N: And what tool finds r when r squared is pinned to r and a constant?|S: The quadratic formula — r equals one plus or minus the square root of five, all over two. The five was hiding inside the self-referential rule the whole time.|N: Why keep the plus sign and discard the minus?|S: Because counts are positive — the minus root gives about minus zero point six one eight, which no petal can be. The positive root is the only one the garden can use.|N: So root-five is not grown or measured — it falls out of the rule r must obey. You dragged it out yourself, Sophie.","EX-013","8","Deriving φ = (1 + √5)/2 — where the square root of five comes from","tabulate,derive-step,structural-why,name-last,credit-the-student","(1) fixed-point equation formed; (2) quadratic derived; (3) root of five located as arising from the rule; (4) sign choice justified by positivity; (5) phi named last, student earned it","4","Where does the square root of five even come from in phi equals one plus root-five over two? Nobody grows root-five in a garden.","5","Treating √5 as an arbitrary constant smuggled in by the quadratic formula","F(n) = F(n-1) + F(n-2); r = F(n+1) / F(n); r = 1 + 1/r; r2 = r + 1 ... r2 - r - 1 = 0; r = (1 + √5) / 2; You started with the Fibonacci sequence, used its defining property, turned it into an equation, and solved for the constant. That's mathematics."
"auto-validated","PL-007","grounding-partial","corpus/inw/book1/ch03_v5.1.md","S: So sunflowers grow BY phi, right? Every petal multiplies out to 1.618 exactly.|N: Two claims hide in that sentence. One: counts hit Fibonacci numbers. Two: growth multiplies by phi each step. Which did the chapter actually establish?|S: The counts — petal numbers land on the sequence. Nobody measured a flower multiplying by 1.618 per day.|N: Then what is the honest difference between those claims?|S: Growth BY phi would be a rate claim, and rates need measurements over time. The counts are structure claims — a different thing entirely.|N: So which sentence should we retire?|S: The grows-by-phi one. The defensible statement is that the counts are Fibonacci counts; the rate claim is untested shorthand.|N: Good — you refused to let a slogan dress up as a measurement, Sophie.","EX-016","9","Growth BY phi vs counts that hit Fibonacci — two different claims","belief-vs-knowledge,redirect,quantitative-care,credit-the-student","(1) two claims separated; (2) count-structure vs growth-rate distinguished; (3) unmeasured claim retired; (4) no anthropomorphic intent left; (5) student states the honest version","4","So sunflowers grow BY phi, right? Every petal multiplies out to 1.618 exactly.","2","Conflating counts-that-hit-Fibonacci with the growth rule itself","That's the secret of the spiral. It doesn't just have phi in it, like the Fibonacci counts we saw in the sunflower. It grows by phi. Each time the spiral makes a complete turn, the distance from the center has multiplied by phi."
"auto-validated","PL-008","grounding-partial","corpus/inw/book1/ch04_v5.1.md","S: If I turn a robot arm a half-turn each step it retraces itself. What changes with a third of a turn — or an irrational fraction?|N: Tabulate it. Half-turn: how many positions before the arm revisits the first one?|S: Two — opposite points, then it repeats. A third of a turn gives three positions, a quarter gives four... any rational fraction closes into a small loop.|N: Now the irrational case — a turn that is not any whole-number fraction. When do marks ever line up?|S: Never exactly. The arm keeps visiting new angles, filling the circle without ever repeating — rational turns repeat, irrational turns never close.|N: So which kind of turn spreads arrival points evenly around a stem?|S: The irrational one — no loop means no favorite direction, so arrivals distribute evenly instead of stacking into rays.|N: That contrast — closing versus never closing — is the whole game, and you built both sides yourself, Sophie.","EX-021","9","Rational turns repeat, irrational turns never line up","elicit-observation,tabulate,contrast,name-last,credit-the-student","(1) rational closes, tabulated; (2) irrational never closes; (3) even-spread consequence drawn by student; (4) name-last discipline; (5) no jargon before property","4","If I turn a robot arm a half-turn each step it retraces itself. What changes with a third of a turn — or an irrational fraction?","2","Thinking alignment and repetition are unavoidable for any turn; missing the rational/irrational divide","Any angle that's a rational fraction of 360 degrees will eventually repeat.; An irrational number. Like phi.; the golden angle—137.5 degrees—is irrational. It's related to phi. So it never repeats. Ever."
"rejected-structural","PL-009","no-quotes-parsed;grounding-partial","corpus/inw/book1/ch04_v5.1.md","S: The chapter says plants turn 137.5 degrees. Do they measure the angle, or is it instinct?|N: Neither yet — first, who did the measuring in that sentence, the plant or the botanist?|S: The botanist. The 137.5 is a report about where leaves ended up, not a number the plant consulted.|N: So what is the honest way to phrase the observation?|S: When new leaves stack with turns near that fraction of a circle, no two leaves shadow the same direction — we measure the angle, the plant just grows.|N: And why does that phrasing matter for science?|S: It keeps intent out of the record. A report is checkable; an aim is a story we projected onto the plant.|N: Exactly — the angle is a report, not a target, and you caught the projection yourself, Sophie.","EX-023","8","137.5° is a report, not a target — the plant turns, we measure","redirect,belief-vs-knowledge,quantitative-care,name-last,credit-the-student","(1) measurer located; (2) report vs intent separated; (3) checkable phrasing produced; (4) no anthropomorphism residue; (5) student states the discipline","4","The chapter says plants turn 137.5 degrees. Do they measure the angle, or is it instinct?","2","Believing the plant aims at the measured angle; confusing the rule with the report","360 − 222.5 = 137.5.; forward by the big arc and backward by the small arc are the same move; The rule converges to it, all on its own.; The plant turns. The angle is only what my protractor makes of the turning."
"auto-validated","PL-010","","corpus/inw/book1/ch05_v5.1.md","S: I watched driftwood bob as waves passed but it stayed put. If a wave is water moving, why didn't the log drift away?|N: What did the log actually do — travel with the wave, or do something local?|S: It rose on the crest and sank in the trough and stayed put. So maybe the water isn't traveling — the rising and sinking is.|N: Then what crosses the beach if not the water itself?|S: The pattern — the wave travels while each bit of water just oscillates in place. The medium stays mostly put; the oscillation creates the traveling wave.|N: So when we say the wave moved, what is the that which moved?|S: The shape of the disturbance, not the stuff — the log was riding the pattern, not the water's journey.|N: You split pattern from stuff with one log — that is the driftwood test done properly, Sophie.","EX-026","10","The wave travels; the medium stays put (driftwood test)","elicit-observation,redirect,structural-why,credit-the-student","(1) driftwood behavior read correctly; (2) pattern vs stuff split; (3) medium-stays articulation; (4) no remaining wave-equals-moving-water error; (5) student owns the test","4","I watched driftwood bob as waves passed but it stayed put. If a wave is water moving, why didn't the log drift away?","2","Believing the wave carries water (matter) with it, so the driftwood should be swept toward shore","'The water particles move in small circles as the wave passes, but they don't travel with the wave. It's the pattern that travels'"
"auto-validated","PL-011","","corpus/inw/book1/ch05_v5.1.md","S: Why does one full vibration count as 720 degrees? A circle is 360 — someone is double-counting.|N: Trace one point of the string through a full vibration. How many distinct sweep directions does it pass through?|S: It swings one way through the rest position and back through it the other way — like tracing the circle twice, there and back.|N: So what is the vibration doing that a plain rotation is not?|S: A rotation covers the circle once; a vibration goes around the phase circle twice per full cycle — out and back. The 720 is honest accounting of that round trip.|N: Then when a chapter says a round trip is 720 degrees, what is it emphasizing?|S: That oscillation and rotation are different countings — one crossing is already a full round, so a complete vibration is two rounds.|N: You reconciled the dials instead of accusing the book — that double-count was the physics, Sophie.","EX-027","10","Vibration vs oscillation — one crossing is a full round, so a round trip is 720°","elicit-observation,structural-why,quantify,name-last,credit-the-student","(1) phase-circle traced; (2) 720 derived as round trip; (3) rotation vs oscillation counting separated; (4) no remaining double-count objection; (5) name given after reconciliation","4","Why does one full vibration count as 720 degrees? A circle is 360 — someone is double-counting.","3","Equating the washer's visible return with one complete circle, counting a round trip as 360°","'One crossing — out to the far side and stopping there — is a vibration. Out and back, both crossings, all the way home to where it started, is an oscillation. One oscillation is two vibrations.' and 'Out and back is 720 degrees, not 360.'"
"auto-validated","PL-012","","corpus/inw/book1/ch06_v5.1.md","S: On a vibrating string there are points that never move at all. How can a wave pass through a spot and leave it untouched?|N: Suppose two waves pull that spot — one up, one down, equally at every instant. What is the sum?|S: Zero — the two motions cancel exactly, so the spot holds still while both waves are very much present.|N: Then is the stillness an absence of wave, or something the waves built?|S: Something they built — a still point made of two tugs. Remove either wave and the point would start moving.|N: So what should we call such a built-still point, and its loud neighbor?|S: A node — stillness by balance — and between nodes the antinodes, where the two motions reinforce the most.|N: Right — stillness made by opposition, not by quiet, and you derived it from the two tugs, Sophie.","EX-031","10","Nodes and antinodes — stillness made by two opposite motions balancing","elicit-observation,redirect,structural-why,name-last,credit-the-student","(1) cancellation mechanism elicited; (2) stillness-as-balance vs absence separated; (3) node and antinode named last; (4) remove-one-wave test used; (5) student states the construction","4","On a vibrating string there are points that never move at all. How can a wave pass through a spot and leave it untouched?","2","Reading the standing wave as a wave that simply stopped, and the nodes as places with nothing happening","'This point... is called a node. It's a point that never moves—even though the rope is vibrating all around it.' and 'It's not standing still—it's two opposite motions perfectly balanced.'"
"auto-validated","PL-013","","corpus/inw/book1/ch07_v5.1.md","S: Everything has a beat? Atoms, hearts, seasons — that sounds like poetry, not physics.|N: Then test it where poetry can't hide. What repeats for a heart, a season, and an electron's orbit?|S: A return — each comes back to its starting condition and goes around again, at wildly different scales and times.|N: So what is the one shared claim beneath the poetry?|S: Oscillation — a pattern that recurs, whether in minutes, years, or femtoseconds. The beat is the universal shape, not the tempo.|N: And does claiming the pattern require claiming one cause?|S: No — same pattern, different mechanisms. The universality is of form, not of machinery.|N: You made the poetic claim precise without killing it — that is the physicist's move, Sophie.","EX-036","10","Everything has a beat — oscillation is the universal pattern at every scale","elicit-observation,structural-why,credit-the-student","(1) recurrence tested across scales; (2) pattern vs mechanism separated; (3) universality-of-form stated; (4) no single-cause overreach; (5) student owns the precision","4","Everything has a beat? Atoms, hearts, seasons — that sounds like poetry, not physics.","2","Treating rhythms as occasional — something machines and waves do, not the universal rule","'Everything—and I mean everything—has a beat.' and 'Scientists call these 'oscillations.' But I like to call them Nature's balanced beats.'"
"auto-validated","PL-014","","corpus/inw/book1/ch08_v5.1.md","S: Fractals look like the same picture stamped at every size. Who keeps re-stamping it as the thing grows?|N: Nobody — but check first what repeats. In a fern frond, what is similar between the whole and a leaflet?|S: The branching pattern — the way each part splits and spreads — not a picture being copied. It is the rule that repeats, not a stamp.|N: Then where does the rule live?|S: In the growth step itself — each part follows the same inside rule, so self-similarity is the output, not a design applied from outside at each size.|N: So if you zoom in, what will you find?|S: More of the same kind of branching — the rule does not run out at small scales. One rule, many faces.|N: No stamper needed — the rule is inside, and you reached that yourself, Sophie.","EX-041","10","A fractal is a self-similar pattern — one rule from inside, not a design stamped at each size","redirect,belief-vs-knowledge,structural-why,name-last,credit-the-student","(1) re-stamping image dismantled; (2) rule vs picture separated; (3) self-similarity as output stated; (4) zoom consequence drawn; (5) name-last honored","4","Fractals look like the same picture stamped at every size. Who keeps re-stamping it as the thing grows?","2","Reading repeated shape at many sizes as external design, and fractal as mere visual self-resemblance","'the reason it repeats isn't because someone designed it that way. The same growth rule works at every level because it generates itself from inside. That's what scientists call self-similar—the rule comes from within.'"
"auto-validated","PL-015","","corpus/inw/book1/ch09_v5.1.md","S: A hundred people clapping at the same instant versus clapping one after another — the same total claps, so the same result?|N: Same count — now put your ears in the room. What differs about the sound in the two cases?|S: Together, one enormous crack; in a row, a longer, thinner patter. The intensity exploded in the first case, the duration in the second.|N: So what did combining at one instant buy, and what did spreading in time buy?|S: Simultaneous creates intensity — many counts merged into one loud effect; sequential creates duration — the same counts stretched into time.|N: Then if you wanted maximum loudness from a fixed hundred claps, which arrangement?|S: All at once — merging the counts, not spending them one by one.|N: You kept the total fixed and moved only the arrangement — that is the whole distinction, Sophie.","EX-046","10","Simultaneous creates intensity; sequential creates duration (the hundred claps)","elicit-observation,tabulate,structural-why,credit-the-student","(1) intensity vs duration separated; (2) count held fixed in reasoning; (3) merge-vs-spread articulated; (4) loudness design question answered; (5) student states the law","4","A hundred people clapping at the same instant versus clapping one after another — the same total claps, so the same result?","2","Believing the louder clap means more claps happened, or that the sound changed rather than the timing","'not a hundred separate claps—one clap with the intensity of a hundred' and 'the same hundred claps, but instead of intensity, you got duration' and 'Together, they create intensity. Spread out, they create duration.'"
"auto-validated","PL-016","","corpus/inw/book1/ch10_v5.1.md","S: Why does a stretched rubber band pull my fingers back? Nothing is pushing it — it is just sitting there stretched.|N: Look smaller. When you stretch it, what did you do to the spacing of its atoms?|S: I pulled them apart from where they sat comfortably — I moved every atom off its natural spacing.|N: And what does each atom want to do about that?|S: Return. Every atom is trying to get back to its natural spacing, and all those returnings add up to the pull I feel.|N: So is tension a thing added, or a condition?|S: A condition — tension is constrained oscillation, atoms held away from home and straining back. The pull is the strain made visible.|N: The pull-back was the atoms' homesickness all along — you reduced it to spacing yourself, Sophie.","EX-051","10","Tension is constrained oscillation — the pull-back comes from atoms returning to natural spacing","elicit-observation,redirect,structural-why,name-last,credit-the-student","(1) atomic spacing displaced; (2) return-tendency elicited; (3) tension defined as constrained oscillation; (4) no extra agent invoked; (5) student states the reduction","4","Why does a stretched rubber band pull my fingers back? Nothing is pushing it — it is just sitting there stretched.","2","Treating the pull-back as the material 'wanting' or being designed to stretch, instead of constrained oscillation","'When you stretch the rubber band, you're constraining the oscillations... That constraint creates what we call tension—a pulling force trying to return the system to equilibrium.' and 'Elasticity. It's the measure of how readily something stores the stress you put into it and then springs back to balance when you let go.'"
"auto-validated","PL-017","","corpus/inw/book1/ch10_v5.1.md","S: Can a force exist with no motion at all? A bridge pier holds a thousand tons and never moves an inch.|N: Hold your palms pressed hard together, perfectly still. Is anything happening?|S: Yes — strain. My arms are working against each other even though nothing moves. So force without motion is possible: it is stored push.|N: Then what should we call that stored push in the pier's concrete?|S: Interactive stress — the atoms are displaced from comfortable spacing and held there, strain without travel.|N: And the old word for that condition, the one the chapter rescues from mistranslation?|S: Duhkha — not suffering, but stress that can hold still. The pier stands in it permanently.|N: You found force-without-motion in your own arms before the chapter named it — that ordering matters, Sophie.","EX-053","10","Stress can hold still — force with no motion; interactive stress, the physics meaning of Duhkha","elicit-observation,belief-vs-knowledge,structural-why,name-last,credit-the-student","(1) still strain demonstrated; (2) stored push articulated; (3) Duhkha renamed to interactive stress; (4) name after property; (5) no mystical residue","4","Can a force exist with no motion at all? A bridge pier holds a thousand tons and never moves an inch.","3","Believing a force requires motion — that a stationary pressure is not a force","'That's stress: a force squeezing inward in compression, with no movement at all.' and 'The same still, motionless force—but pulling outward instead of squeezing inward.' and 'Duhkha means interactive self-similar stress... That's physics stress—the very thing we're talking about: systems under constraint, oscillations that can't move freely, forces created by interaction.'"
"auto-validated","PL-018","","corpus/inw/book1/ch10_v5.1.md","S: A magnet moves a paperclip across the table with nothing between them. Is that not literally spooky action at a distance?|N: Nothing between them — is that an observation or an assumption? What did the chapter say fills that gap?|S: An assumption. The claim was that the substratum fills space everywhere, so the gap is not empty — it is full of the medium that carries the push.|N: Then how does the pull actually travel?|S: Through the substratum, contact by contact — like stress through a packed crowd. Nothing supernatural, just a medium we do not see.|N: So when does action at a distance stop being spooky?|S: The moment the gap is not empty. Spookiness was a property of the vacuum assumption, not of the magnet.|N: You retired the spook by interrogating the assumption — the medium carries it, Sophie.","EX-055","10","Action at a distance is only spooky if the gap is empty — the substratum carries the push","redirect,structural-why,contrast,credit-the-student","(1) assumption exposed; (2) substratum invoked from the chapter; (3) contact transmission articulated; (4) spookiness relocated to the assumption; (5) student states the resolution","4","A magnet moves a paperclip across the table with nothing between them. Is that not literally spooky action at a distance?","3","Believing the gap is truly empty, so the force must be magical with no possible mechanism","'It only looks spooky if you believe the space between the magnets is truly empty. What if it isn't?' and 'Then the magnet isn't reaching across nothing at all. It's pushing on what fills space, and that push travels through' and 'So it isn't spooky... We just haven't met the thing in the middle yet.'"
"needs-mentor","PL-019","student-articulation(10w);grounding-partial","corpus/inw/book1/ch11_v5.1.md","S: My lab partner says a heavier pendulum swings slower because gravity has more to drag. Do we need a bigger mass to slow it down?|N: Predict first: if mass set the pace, what would a brass bob and a wooden bob of the same length do?|S: Swing at different rates — the brass slower. But the chapter's answer is that they keep the same beat... because the extra pull and the extra inertia cancel.|N: So what two dials does the beat actually respond to?|S: Length and the local strength of gravity — density and rate are independent dials. How much is moving does not set how often it beats.|N: Then how would you slow your pendulum down, honestly?|S: Lengthen the string — change the geometry, not the mass.|N: Your partner's theory just met your prediction test and lost — you ran the experiment in your head correctly, Sophie.","EX-059","7","Density and rate are independent dials — how much is moving does not set how often it beats","predict-then-test,elicit-observation,structural-why,name-last,credit-the-student","(1) prediction forced before answer; (2) canceling of pull and inertia elicited; (3) independence of dials stated; (4) honest fix identified; (5) credit for method","4","My lab partner says a heavier pendulum swings slower because gravity has more to drag. Do we need a bigger mass to slow it down?","3","Conflating how much (density/heft) with how often (rate) — assuming the beat speeds up with more balls","'The number of balls you separate sets how much is moving—think of it as the density, the heft of the group' and 'the interactive rate—how often the cycle repeats—is a different quantity altogether' and 'they are independent dials' and 'together, those two dials—density and rate—tell you the state of things.'"
"auto-validated","PL-020","student-articulation(11w);grounding-partial","corpus/inw/book1/ch11_v5.1.md","S: An archer's bow just stores energy, right? Where do the three phases hide in a bent stick?|N: Feel the bow with three fingers — the outer face, the inner face, the middle. What is each doing?|S: Outside is stretched — pulled apart; inside is squeezed — pushed together; and the middle is the neutral layer between them.|N: So how many conditions is the one bow in at once?|S: Three — tension outside, compression inside, and the reversal between them. The bow holds all three phases at once.|N: And where does the arrow's push come from?|S: From those strains relaxing toward balance the instant the grip opens.|N: The bow was the whole lesson in one stick — and you laid out its three faces yourself, Sophie.","EX-060","8","The bow holds all three phases at once — outside in tension, inside in compression, reversal between","elicit-observation,structural-why,tabulate,credit-the-student","(1) three phases located spatially; (2) simultaneous holding stated; (3) arrow push traced to strains; (4) neutral layer found; (5) student owns the map","4","An archer's bow just stores energy, right? Where do the three phases hide in a bent stick?","2","Believing one interaction shows one phase at a time — that a bent thing is either compressed or stretched","'The outer edge of the curve is being stretched—pulled longer. That's expansion. Sathwa.' and 'The inner edge is being squeezed shorter—compressed. That's Thaama' and 'the stretching of the outside and the squeezing of the inside happen at the very same instant. One can't occur without the other.' and 'That balance isn't zero; it's an energized neutral, a resonant resting point the strung bow already sits at.'"
"auto-validated","PL-021","","corpus/inw/book1/ch12_v5.1.md","S: School taught me Fibonacci was invented in 1202 in Italy. Is that timeline solid?|N: Solid enough for a textbook — now check the chapter's older anchors. What was happening with this rule a millennium before Leonardo?|S: Pingala was studying it more than two thousand years ago in India, and the Meru staircase was already mapping the combinatorics.|N: So what happened in 1202, precisely?|S: Leonardo carried the system — place value and the sequence — to Europe. A transport event, dated and real, but not a birth.|N: Then how should the timeline be phrased?|S: The rule was old by a millennium when Leonardo found it; the school story is a slide from carrier to creator.|N: You corrected a textbook by placing two dates honestly — that is provenance work, Sophie.","EX-063","10","The timeline — the rule was old by a millennium when Leonardo found it; school's story is a sliver","history-as-evidence,redirect,name-last,credit-the-student","(1) older anchor recalled; (2) transport vs birth separated; (3) school story corrected; (4) no blame, just accuracy; (5) student states the timeline","4","School taught me Fibonacci was invented in 1202 in Italy. Is that timeline solid?","2","Believing naming equals discovering — that the sequence began with Fibonacci in 1202 Europe","'I thought the story started with Fibonacci... As if it came out of nowhere, in Italy, in twelve-oh-two.' and 'the rule was old when he found it. Old by more than a millennium.' and 'The sliver was small. The rest was vast.' and 'The story is so much bigger than I was told.'"
"auto-validated","PL-022","","corpus/inw/book2/ch01_v3.5.md","S: A pencil dot is basically zero-dimensional, right? It is a point in my geometry book.|N: Your geometry book idealizes. What does a magnifier show on that dot's edge?|S: A ragged mountain range — graphite peaks and valleys. It has height and width and depth; the dot is a small territory, not a point.|N: So what does the chapter mean by zero dimensions means zero existence?|S: Nothing real gets to be zero-D — a true point would have no extent at all, and the dot clearly has extent. Ideal points are ideas, not things.|N: Then what is the honest description of your pencil mark?|S: A three-dimensional object so small it pretends to be a point when we need the math simple.|N: You kept the idealization as a tool without confusing it with the world — that is the discipline, Sophie.","EX-066","10","A pencil dot is a mountain range under magnification — zero dimensions means zero existence","elicit-observation,redirect,structural-why,credit-the-student","(1) magnifier evidence used; (2) ideal vs real separated; (3) zero-existence claim interpreted; (4) idealization kept honestly; (5) student states the distinction","4","A pencil dot is basically zero-dimensional, right? It is a point in my geometry book.","2","A pencil dot is a genuinely zero-dimensional physical object","'Your ""zero-dimensional point"" turned out to be...?' and 'It's a tiny mountain of graphite.' and 'Points = mathematical abstractions, NOT physical reality. Zero dimensions = zero existence.'"
"auto-validated","PL-023","","corpus/inw/book2/ch02_v3.5.md","S: Light is a vibration, the book says — but vibrations of what? Space is supposed to be empty.|N: Hold on to the vibration half — it is the load-bearing part. What does every vibration you have ever met need?|S: Something to vibrate — sound needs air, ripples need water. A vibration with nothing to vibrate is a verb without a noun.|N: Then what does the chapter supply as the noun?|S: The continuum — a medium that fills space everywhere, so light is a vibration of that continuum, not of a thing flying across emptiness.|N: And what dies in the process?|S: The emptiness premise. Light needs a medium, so the medium fills space — the ripple model, not a ball in the void.|N: You refused the verb-without-a-noun — the medium entered as a requirement, not a decoration, Sophie.","EX-068","10","Light is a vibration, so it needs a medium — the continuum fills space everywhere","elicit-observation,redirect,structural-why,name-last,credit-the-student","(1) vibration-medium requirement surfaced; (2) continuum introduced as the noun; (3) emptiness premise dropped; (4) ripple model named last; (5) student states the necessity","4","Light is a vibration, the book says — but vibrations of what? Space is supposed to be empty.","3","Light needs no medium because it is a particle flying through empty space","'The fork can't push on air molecules that aren't there.' and 'if light is a vibration — and we know it is... what is doing the vibrating?' and 'You can't wave a flag that doesn't exist.'"
"auto-validated","PL-024","grounding-partial","corpus/inw/book2/ch03_v3.5.md","S: Why do machines always stop? Winding, fuel, batteries — is running-down just a law of everything?|N: List what actually ends for each machine you named.|S: Fuel burns, springs unwind, batteries drain — every machine carries a store that gets spent, plus friction nibbling at the motion.|N: Now the harder question: did the chapter find any of those debts inside the continuum itself?|S: No — that is the point. The continuum has no mechanism to stop: no friction against a void, no fuel tank, no asymmetry to spend. Machines stop; the continuum is not a machine.|N: So where does the running-down law actually apply?|S: To mechanisms with stores and losses — which is every machine we build, and not the medium they live in.|N: You bounded a law by finding its preconditions — the stop needs a stopper, Sophie.","EX-069","8","Machines stop; the continuum has no mechanism to stop — friction, fuel, degradation, asymmetry all eliminated","elicit-observation,contrast,structural-why,credit-the-student","(1) store-and-loss inventory made; (2) continuum's absence of stop mechanism stated; (3) law's scope bounded; (4) machine-vs-medium contrast held; (5) student states the boundary","4","Why do machines always stop? Winding, fuel, batteries — is running-down just a law of everything?","3","A full medium acts as friction, so the universe should have wound down","'Four mechanisms by which things stop. None applies to the substratum.' and 'There is no deeper level to decay into.' and 'The PHO is perpetual not because mathematics forces it, but because there's no mechanism for it to stop.'"
"auto-validated","PL-025","","corpus/inw/book2/ch03_v3.5.md","S: We say energy gets used up. Where does it go when it is gone?|N: Check the premise against the chapter: does anything ever arrive at zero, or does the accounting always balance?|S: It balances — energy cycles rather than being consumed. The warm bulb, the moving car: the energy changed form and address, it did not vanish.|N: Then what is the chapter's deeper claim about the constant C?|S: That C is nature's oscillation rate — the universe's own beat — not the speed of light as a travel record. Everything cycles against that clock.|N: So how should used up be rephrased?|S: Passed on — energy is never spent, only handed from one pattern to the next, with the cycling as the constant backdrop.|N: You replaced a lazy idiom with an honest ledger — and the ledger always balances, Sophie.","EX-070","10","Energy cycles rather than being consumed; C is Nature's oscillation rate, not the speed of light","belief-vs-knowledge,redirect,structural-why,name-last,credit-the-student","(1) used-up premise tested; (2) cycling-not-consuming stated; (3) C reframed as oscillation rate; (4) hand-off model articulated; (5) name-last for C's role","4","We say energy gets used up. Where does it go when it is gone?","3","Perpetual oscillation requires fuel; C is the speed of light","'The continuum doesn't need an external power source because it IS the system.' and 'C — as I use it — is Nature's oscillation rate. Not a speed, but a frequency.'"
"auto-validated","PL-026","","corpus/inw/book2/ch04_v3.5.md","S: If the substratum is everywhere and does everything, why can I not detect it? Undetected equals unproven, no?|N: Careful — undetected by what means? What does a detector need in order to fire?|S: A change — a difference, a displacement, something not like its surroundings.|N: And what is the substratum's condition at every point, per the chapter?|S: Perfectly balanced — zero net displacement. Undetectable follows from perfect balance, not from absence.|N: So what has your no-detection argument actually established?|S: Nothing about existence — only that balance hides. Only a change can be detected; balance means invisible, not absent.|N: You separated a limit of instruments from a fact about the world — the classic trap avoided, Sophie.","EX-071","10","Undetectable follows from perfect balance — zero net displacement, not absence","elicit-observation,redirect,belief-vs-knowledge,credit-the-student","(1) detector requirement elicited; (2) balance stated as the hiding cause; (3) undetected-vs-absent split; (4) instrument limit named; (5) student states the logic","4","If the substratum is everywhere and does everything, why can I not detect it? Undetected equals unproven, no?","2","Undetectable means non-existent; the continuum claim is unfalsifiable","'Zero displacement ≠ zero force.' and 'When everything cancels perfectly, instruments report: ""Nothing there."" But there's everything there.'"
"auto-validated","PL-027","","corpus/inw/book2/ch07_v3.5.md","S: Is the continuum more like a paperweight — stuff sitting there — or does it do something?|N: Take the sutra's word Atho and its image: a gyroscope or a paperweight — which behaves like something intrinsically dynamic?|S: The gyroscope — the chapter insists the continuum is dynamic by nature, its stillness a balanced activity, not dead rest.|N: Then what follows for the word rest?|S: Rest is our name for what we cannot see moving — the activity is in nature already; stillness is balanced doing.|N: So the paperweight image fails how?|S: It implies an inertness the medium does not have — nothing in the chapter is allowed to be a paperweight, including space.|N: You swapped the image before it smuggled in a dead universe — that is careful reading, Sophie.","EX-074","10","The continuum is dynamic by nature — a gyroscope, not a paperweight (Atho)","redirect,structural-why,contrast,name-last,credit-the-student","(1) gyroscope image adopted with reason; (2) dynamic-by-nature stated; (3) rest reframed as balanced activity; (4) paperweight rejected explicitly; (5) student states the stakes","4","Is the continuum more like a paperweight — stuff sitting there — or does it do something?","2","Stability is passivity — the continuum sits inertly","'The continuum is a gyroscope, not a paperweight.' and 'Stop the dynamics and reality ceases to exist. The continuum IS its dynamics.'"
"auto-validated","PL-028","grounding-partial","corpus/inw/book2/ch12_v3.5.md","S: The books keep using x equals 0.618 instead of phi. Is that just decimal preference — two spellings of one taste?|N: Not taste — check the equations. In the Guna relations, which symbol actually appears in the algebra?|S: x — the equations are written in x throughout. Phi shows up only when I invert.|N: And what makes x the load-bearing one rather than a stylistic pick?|S: x is the operational variable: x equals one over phi, and it satisfies one over x equals one plus x directly — the balance lives in x's own value.|N: So why does phi feel more famous?|S: Habit — the reciprocal got the headlines, but the working variable of the science is x, never phi.|N: The equations voted and you read the ballot — operational means the one that appears in the machinery, Sophie.","EX-080","9","x = 1/φ = φ−1 = 0.618034 is the operational variable — the Guna equations use x, never φ","derive-step,structural-why,quantify,name-last,credit-the-student","(1) equations checked for the working symbol; (2) x's balance property stated; (3) phi demoted to reciprocal; (4) operational defined as in-the-machinery; (5) student states the verdict","4","The books keep using x equals 0.618 instead of phi. Is that just decimal preference — two spellings of one taste?","3","The golden ratio 1.618 is the fundamental parameter; 0.618 is just a lesser reciprocal","'1.618 is the echo, not the source.' and 'φ describes the result of scaling. x describes the process of scaling.' and 'The conjugate does the work.'"
"auto-validated","PL-029","grounding-partial","corpus/inw/book2/ch14_v3.5.md","S: Doubling a cube gives eight volumes, but the chapter insists on seven. Which is right — eight or seven?|N: Both — if you say what each counts. After doubling, how many room-sized volumes fill the big cube?|S: Eight — two by two by two.|N: And how many of those did you have before the doubling?|S: One — the original. So the doubling opened seven new ones.|N: Then which number is the increment, and which the total?|S: Seven is the increment — two cubed minus one, the new volume opened on simultaneous doubling — and eight is the total afterwards. The chapter counts the increment because that is what the doubling contributes.|N: Why does counting the increment matter for the physics?|S: Because the operation, not the inventory, is what nature repeats — each doubling adds seven, always.|N: You reconciled the books by separating total from increment — the 7 is the event, Sophie.","EX-084","9","7 = 2³−1 is the increment — new volume opened on simultaneous doubling, not the total 8","elicit-observation,tabulate,structural-why,credit-the-student","(1) total vs increment separated; (2) 7 derived as 2 cubed minus 1; (3) why-increment explained; (4) doubling as repeatable operation; (5) student states both numbers honestly","5","Doubling a cube gives eight volumes, but the chapter insists on seven. Which is right — eight or seven?","2","The doubling parameter is 8 (the total) rather than 7 (the increment)","'The parameter isn't 8 — it's 7. Because 7 is the change, the amount of new space that opens when the system doubles.' and 'The abstract increment and the physical structure are one number.'"
"auto-validated","PL-030","","corpus/inw/book2/ch05_v3.5.md","S: A sphere is the perfect shape — so does the cube evolve into a sphere as it grows?|N: Before the evolution story — what does the chapter say a sphere IS, relative to cubic coherence?|S: The limit of cubic coherence — every direction balanced — not a shape the cube turns into. The sphere is what coherent balance looks like from the outside.|N: So is the sphere a destination or a description?|S: A description — the limit case. Nothing transforms; coherence simply approaches omnidirectional balance as cubes pack and synchronize.|N: Then what was wrong with my question?|S: The word evolve — it smuggled in a transformation that the model never claims. The sphere is the limiting face of the same cubic order.|N: You caught the smuggled verb — the limit is a limit, not a journey, Sophie.","EX-086","10","The sphere is the limit of cubic coherence — not a shape the cube turns into","redirect,belief-vs-knowledge,structural-why,name-last,credit-the-student","(1) sphere-as-limit definition recalled; (2) transformation premise rejected; (3) description-vs-destination split; (4) no evolution claim remains; (5) student states the correction","4","A sphere is the perfect shape — so does the cube evolve into a sphere as it grows?","2","Reading the spinning cube as a shape change — the sphere is what the cube turns into, instead of the limit of three-axis coherence","'The cube is still a cube. It didn't change shape.' (ch05: 'The sphere is not a new shape — it is the limit of cubic coherence in action.')"
"auto-validated","PL-031","","data/sankhya-text/SANKHYA_SCIENCE_REFERENCE_GUIDE_v2.4.txt","S: If the vacuum tank is truly empty, why do we call the space around it nothing instead of just an empty tank?|N: Flip it — what does the tank's inner wall still have, even with everything pumped out?|S: Structure — three dimensions of room, walls that enclose. Even emptiness needs a where.|N: And what did the chapter say detection requires?|S: A change. Only a change can be detected — balance means invisible, not absent. The pumped-out tank still has the room, and the room is not nothing.|N: So what is the honest inventory of a vacuum?|S: No stuff, yes structure — the where remains even when the what is gone.|N: You separated content from container — that is the whole sutra, Sophie.","EX-090","10","Only a change can be detected — balance means invisible, not absent","elicit-observation,redirect,structural-why,credit-the-student","(1) structure-without-stuff articulated; (2) detection-needs-change recalled; (3) nothing claim downgraded; (4) container vs content split; (5) student states the inventory","4","If the vacuum tank is truly empty, why do we call the space around it nothing instead of just an empty tank?","2","Treating non-detection as proof of non-existence — the balanced substratum is real but produces no change to register","'Only a change can be detected and an interaction between components or objects causes a change that can be observed' (RG §3.1, SoS2 p.143) and 'You can only see what changes. If something is perfectly balanced, it's invisible — but it doesn't stop being there.' (RG INW teaching point, §3.1)"
"auto-validated","PL-032","","data/sankhya-text/SANKHYA_SCIENCE_REFERENCE_GUIDE_v2.4.txt","S: Why would one half be the maximum possible change? Why not jump a whole unit at once?|N: Because of the center. If a whole moves by a full unit, where does its center end up?|S: Displaced — the whole thing relocates, nothing holds the middle. The reference point is gone.|N: And when each half moves by a half, alternately, what survives?|S: The fixed center — one half moves while the other holds, so the middle never leaves. Half is the largest step that still preserves the center.|N: So what makes one half the maximum change increment?|S: It preserves the fixed center — any larger single jump destroys the reference that makes change meaningful at all.|N: You derived the ceiling from the center-preservation requirement — that is the proof shape, Sophie.","EX-092","10","1/2 is the maximum change increment — it preserves the fixed center","derive-step,structural-why,quantify,name-last,credit-the-student","(1) center-preservation requirement surfaced; (2) whole-unit jump shown to destroy reference; (3) half derived as maximum; (4) alternation mechanism stated; (5) name-last honored","4","Why would one half be the maximum possible change? Why not jump a whole unit at once?","3","Treating halves as an arbitrary convenient fraction, rather than the maximum change increment that preserves a fixed center","'1/2 is the maximum change increment — the largest single rate of change possible from a whole unit. Dividing the whole by 2 preserves a fixed center and produces the fundamental standing-wave ratio of all harmonic systems.' (RG §1.2)"
"auto-validated","PL-033","","data/sankhya-text/SANKHYA_SCIENCE_REFERENCE_GUIDE_v2.4.txt","S: Phi is the famous one — 1.618. Why does the guide call little x, 0.618, the primary variable?|N: Check the algebra's direction: does the guide derive x from phi, or phi from x?|S: Phi from x — x is primary, defined as the number satisfying one over x equals one plus x, and phi is just its reciprocal, one plus x.|N: So which one does nature's balancing act actually run on?|S: x — the primary cyclic variable. Phi is the derived celebrity; x does the work.|N: Then how should we phrase their relationship?|S: Phi equals one point six one eight is x's echo — the guide's phi is derived, x is where the derivation starts.|N: Fame and fundament are different titles — you separated them, Sophie.","EX-094","10","x = 0.618034 is the primary cyclic variable; φ = 1.618034 is its derived reciprocal","belief-vs-knowledge,redirect,structural-why,credit-the-student","(1) derivation direction checked; (2) x's defining property stated; (3) phi demoted to reciprocal; (4) primary-vs-famous distinguished; (5) student states the relationship","4","Phi is the famous one — 1.618. Why does the guide call little x, 0.618, the primary variable?","2","Treating φ = 1.618 as the fundamental golden number, when x = 0.618034 is the primary cyclic variable and φ is its derived reciprocal","'In Sankhya's axiomatic system, x is the primary variable (the golden mean conjugate = 0.618034), and φ = 1/x is the derived reciprocal (the golden mean = 1.618034).' (RG §2.3)"
"auto-validated","PL-034","grounding-partial","data/sankhya-text/SANKHYA_SCIENCE_REFERENCE_GUIDE_v2.4.txt","S: Why is a ten-count cycle axiomatic? Ten feels like a human choice — we have ten fingers.|N: Fingers aside — the guide says two count series converge where? Run them: one, two, three... and one, two, four...|S: The natural numbers and the doubling series meet at fifty-five — a convergence point that has nothing to do with anatomy.|N: And what does that convergence do to the status of ten?|S: It makes the ten-count structural — the two series close at 55, so the cycle is arithmetic, not anthropomorphic.|N: Then what are our fingers, in this picture?|S: A coincidence of biology that noticed the arithmetic, not the source of it. The cycle would hold with no one counting.|N: You replaced an anatomy argument with a convergence argument — that is the axiomatic move, Sophie.","EX-096","9","The ten-count cycle is axiomatic — the two count series converge at 55","elicit-observation,tabulate,structural-why,name-last,credit-the-student","(1) two-series convergence recalled; (2) 55 located; (3) anatomical explanation displaced; (4) axiomatic vs chosen distinguished; (5) student states the upgrade","4","Why is a ten-count cycle axiomatic? Ten feels like a human choice — we have ten fingers.","2","Ten as an arbitrary finger-count convention; the cycle is axiomatically limited to ten and the two count series converge there at 55","'Axiomatically, a resonant interactive cycle is limited to ten interactions: cos(2π/10) = 0.809017 = (1 + x)/2 ... A simultaneous cycle of 10 interactions = logarithmic index of 1' (RG §2.7) and 'they converge at the ten-count cycle at 55. The next simultaneous ratio 89/55 ≈ 1.618 = 1/x.' (RG §2.7)"
"auto-validated","PL-035","grounding-partial","data/sankhya-text/SANKHYA_SCIENCE_REFERENCE_GUIDE_v2.4.txt","S: Purusha sounds like the soul part of Sankhya. Why does the guide give it a density?|N: Because the guide is doing physics with the vocabulary. What value does it assign, and as what?|S: Kx — about 0.9149879 — as a maximum-density physical state, the coherent packing limit.|N: So what has happened to the soul reading?|S: It is a mistranslation for this context — Purusha here is a state of the medium at maximum coherent density, not a ghost in the machine.|N: Then how do you decide between the two readings?|S: The one that assigns a checkable number and connects to the rest of the science is the working reading; the soul reading explains nothing and predicts nothing.|N: You let the number decide the translation — vocabulary bowed to physics, Sophie.","EX-100","8","Purusha is a maximum-density physical state (Kx ≈ 0.9149879), not a soul","redirect,belief-vs-knowledge,quantify,name-last,credit-the-student","(1) Kx value recalled with role; (2) soul reading downgraded; (3) state-not-spirit stated; (4) decision rule articulated; (5) student states the criterion","4","Purusha sounds like the soul part of Sankhya. Why does the guide give it a density?","2","Reading Purusha as a soul or consciousness; it is the maximum-density coherent potential state Kx ≈ 0.9149879","'Purusha IS: a state of maximum density (Kx ≈ 0.9149879) — the coherent center around which activity manifests ... Purusha is NOT: a person or soul in the common philosophical sense; consciousness in the transcendent sense' (RG §6.1)"
"auto-validated","PL-036","grounding-partial","data/sankhya-text/sankhya_modern_physics_bridge_v2.8.txt","S: Entanglement is supposed to be two particles talking instantly across space. How is that not faster-than-light magic?|N: Check the setup's hidden assumption: two things, with a distance between them. What did the chapter say about separation in the coherent field?|S: That there is no separation to cross — the coherent field is simultaneous by definition. The two ends were never two separate objects.|N: Then what exactly were they?|S: One coherent state read at two places — like one face seen in two mirrors. Nothing travels because nothing is apart.|N: So where does the magic feeling come from?|S: From importing particle-ness and distance into a description whose whole point is that neither applies.|N: The spook dissolved the moment you refused the two-particles premise — the field was never divided, Sophie.","EX-105","8","Entanglement: there is no separation to cross — the coherent field is simultaneous by definition","redirect,structural-why,contrast,credit-the-student","(1) hidden premise exposed; (2) no-separation recalled; (3) one-state-two-readings articulated; (4) magic relocated to the premise; (5) student states the dissolution","4","Entanglement is supposed to be two particles talking instantly across space. How is that not faster-than-light magic?","3","Entanglement as faster-than-light signaling; at the coherent-field level there is no separation for any signal to cross","'two particles that have interacted are not separated at all — they remain part of the same simultaneous coherent field ... There is no transmission of information at faster-than-light speed; there is simply no separation to begin with at the level of the coherent field.' (bridge §6.3)"
"auto-validated","PL-037","grounding-partial","data/discovery-zone-text/discoveryzone.txt","S: Why does the meditation sit last exactly twenty-one minutes? Someone picked a nice number?|N: Check it against the resonance the chapter names — what is the orbital period it references?|S: Eighty-four minutes. And twenty-one is exactly a quarter of eighty-four — the sit is a quarter of the orbital resonance.|N: So is the number nice, or derived?|S: Derived — one quarter of the resonance, a rational slice of a physical period, not an aesthetic pick.|N: Then what would make the practice principled rather than arbitrary?|S: Its length being tied to the same rhythm the physics tracks — the sit rides the resonance instead of ignoring it.|N: You turned a nice number into a derived number — that is the difference between ritual and rhythm, Sophie.","EX-108","9","The 21-minute sit is a quarter of the 84-minute orbital resonance","elicit-observation,quantify,structural-why,name-last,credit-the-student","(1) 84-minute resonance recalled; (2) quarter relation computed; (3) derived-vs-nice distinguished; (4) practice connected to physics; (5) student states the upgrade","4","Why does the meditation sit last exactly twenty-one minutes? Someone picked a nice number?","2","The 21-minute sit as an arbitrary convention; it is a quarter of the 84-minute orbital resonance (84 ÷ 4 = 21)","'84 min — The orbital period of a satellite skimming Earth's surface — the same natural resonance Sankhya links to deep meditative cycles. A quarter of it (84 ÷ 4 = 21 minutes) makes an ideal sit.' (discoveryzone.txt — Siddhi)"
"auto-validated","PL-038","grounding-partial","data/discovery-zone-text/thinking_lab_collection.txt","S: We derived the whole framework. Are we done with science now — is the map complete?|N: What did every completed derivation hand you, at the moment it completed?|S: A better question — each answer opened a door I had not seen. The hub of it all, one over x equals one plus x, keeps generating new rooms.|N: So how is progress in science measured here?|S: In better questions, not closed files — good science is measured in better questions, and the framework is a question engine.|N: Then is done the right word?|S: No — the map grows at its edges precisely because the center holds.|N: You turned completion into an engine — the hub spins the ladder, Sophie.","EX-111","9","Good science is measured in better questions — every insight opens a door; the hub is 1/x = 1 + x","elicit-observation,redirect,structural-why,credit-the-student","(1) answers-open-questions observed; (2) hub relation recalled; (3) metric-of-science stated; (4) completion rejected honestly; (5) student states the engine","4","We derived the whole framework. Are we done with science now — is the map complete?","2","Understanding closes questions; every insight opens a new door, and good science is measured in better questions","'When Sophie reached the end of her two weeks she didn't run out of answers — she ran into better questions, and Neil's reply was a single word: Good. ... Good science is measured in better questions' (thinking_lab_collection.txt) and 'the balanced beat, 1/x = 1 + x' (thinking_lab_collection.txt — Wheelwork Map)"
"needs-mentor","PL-039","credit-close;grounding-partial","corpus/inw/book2/ch05_v3.5.md","S: Our orchestra tunes and suddenly the whole sound locks in. What actually happened when everyone matched?|N: Before the lock, what were forty players acoustically?|S: Forty separate sources — nearby, louder, richer in beats. After tuning, one body of sound.|N: So what is the word for many acting as one — and what made it happen?|S: Coherence — matched rate and phase. The spinning cube and the orchestra are the same principle: alignment, not volume.|N: Then does coherence mean anything about effort or amount?|S: No — it is about alignment. Quiet players in step beat loud players out of step, in that specific sense.|N: You extracted alignment as the essence — the lock was the definition showing itself, Sophie.","EX-116","7","Coherence is many acting as one — the spinning cube and the orchestra are the same principle","elicit-observation,contrast,structural-why,name-last,credit-the-student","(1) before/after contrast drawn; (2) coherence defined as many-as-one; (3) rate-and-phase matching named; (4) amount-vs-alignment split; (5) student states the principle","4","Our orchestra tunes and suddenly the whole sound locks in. What actually happened when everyone matched?","2","Coherence as a metaphor rather than a mechanism — many interactions acting as a single synchronised unit","'The cube is still a cube. It didn't change shape. But the way it appears — the way it acts — becomes spherical when all three axes synchronise.' (ch05) and 'An orchestra playing in perfect unison produces one coherent sound, not a hundred separate notes. The individual instruments are all active, but their synchronisation makes them function as one.' (RG §3.2.1)"
"auto-validated","PL-040","","data/sankhya-text/SANKHYA_SCIENCE_REFERENCE_GUIDE_v2.4.txt","S: Is a photon a little ball that flies from the lamp to my eye, or what?|N: Follow the ball image until it strains. What does the chapter say light actually is in the medium?|S: A stress pattern passing through substantial space — the ripple model. Nothing spherical commutes from lamp to eye; a condition propagates.|N: Then what is the photon, honestly?|S: The packet-count of that condition — how much stress pattern is involved — not a pellet with an address.|N: And what dies when you keep the ball picture?|S: The transmission itself — a ball must cross emptiness, but the ripple needs the medium, which the chapter says is there.|N: You demoted the ball to a bookkeeping device — the ripple carries the physics, Sophie.","EX-117","10","Light is a stress pattern passing through substantial space — the ripple model, not a ball in the void","redirect,structural-why,belief-vs-knowledge,credit-the-student","(1) ball image strained deliberately; (2) stress-pattern model stated; (3) photon reframed as packet-count; (4) emptiness problem surfaced; (5) student states the demotion","4","Is a photon a little ball that flies from the lamp to my eye, or what?","3","Light as a particle crossing empty space; it is a stress pattern transmigrating through a substantial dynamic field","'Light isn't a little ball flying through nothing. It's a stress pattern passing through a real, substantial field — like a ripple moving through water. The water doesn't go anywhere; the pattern does.' (RG §4.10) and Book 2 ch02's tuning-fork argument for a propagating medium"
"auto-validated","PL-041","grounding-partial","data/sankhya-text/SANKHYA_SCIENCE_REFERENCE_GUIDE_v2.4.txt","S: Every translation says duhkha means suffering. Why does this guide risk a weird word like interactive stress?|N: Because the word choice decides whether a sutra is testable. What does suffering measure, versus stress?|S: Suffering is an inner state nobody can instrument; interactive stress is a physical condition — displaced atoms, strain you can measure.|N: So what rides on the translation?|S: Whether Sutra becomes physics or homily. Interactive stress makes claims you can check; suffering makes claims you can only feel.|N: And which does the guide's method demand?|S: The checkable one — the science deals only with what can be derived and tested.|N: You saw a translation gate a whole discipline — the word was the experiment, Sophie.","EX-119","8","duhkha translates as interactive stress, not suffering — the word choice decides whether Sutra 1 is physics or scripture","belief-vs-knowledge,redirect,structural-why,name-last,credit-the-student","(1) two readings contrasted; (2) testability criterion stated; (3) homily-vs-physics stakes named; (4) guide's method invoked; (5) student states the gate","4","Every translation says duhkha means suffering. Why does this guide risk a weird word like interactive stress?","3","duhkha as suffering makes Sutra 1 psychology; it is interactive stress and the choice decides whether the sutra is testable physics","'Common Translation: Pain, suffering — Authentic Meaning: Interactive stress; constrained imbalance' (RG §6.7, SoS2 Lexicon) and 'Investigating the triad of interactive stresses confirms their existence; such modes would not be detectable without the coherent, perpetual, dynamic, unmanifest state of the substratum (Aikaantha-Athyantha-Atho-Abhavath).' (RG §6.8, Group 1, Sutra 1)"
"auto-validated","PL-042","grounding-partial","data/sankhya-text/SANKHYA_SCIENCE_REFERENCE_GUIDE_v2.4.txt","S: The archer's bow again — how can a drawn bow hold without tiring? Springs give up, do they not?|N: Springs tire when their mechanism leaks. What does the chapter claim about a balanced resonant exchange?|S: That it never drains — the archer's bow is the PHO state: a balanced exchange that holds at every scale with nothing spent.|N: Then what is the difference between holding strain and spending energy?|S: Holding is balance — stress stored in a standing pattern; spending is leakage — an imbalance draining downhill. The bow holds; leaks are separate failures.|N: So where would physics-y perpetual-motion objections actually bite?|S: Only on leaky systems. A balanced condition with nothing leaking is not the perpetual-motion cartoon — it is nature's own balanced condition.|N: You separated holding from leaking — the objection lost its target, Sophie.","EX-121","9","The archer's bow is the PHO state — a balanced resonant exchange that never drains, at every scale","elicit-observation,structural-why,contrast,credit-the-student","(1) PHO-state recall; (2) holding-vs-leaking split; (3) objection's scope bounded; (4) no-drain condition stated; (5) student states the defense","4","The archer's bow again — how can a drawn bow hold without tiring? Springs give up, do they not?","3","The bow as a poetic analogy; it is the identical balanced-internal-exchange physics as the holodeck and every stable particle","'If a string is attached to both the ends when bent, it would resonate or vibrate... Depending on the rigidity of the strip and the elasticity of the string it would reach a balanced resonant state and remain in that state forever.' (RG §10.2) and 'Perpetual — Does not decay — reactive displacement never exceeds interactive displacement' (RG §4.1)"
"needs-mentor","PL-043","student-articulation(9w);grounding-partial","data/sankhya-text/SANKHYA_SCIENCE_REFERENCE_GUIDE_v2.4.txt","S: A still porous pot concentrates water, and meditation calms the mind. Are these actually related or just vibes?|N: Skip the vibes — find the shared mechanism the chapter names. What does stillness do in both stories?|S: It lets the observer resonate with what is steady — the pot's stillness lets water collect; the sit's stillness lets attention collect on the same rhythm.|N: And which rhythm, specifically?|S: The twenty-one-minute quarter of the eighty-four-minute resonance — one method: stillness lets the observer resonate.|N: So the relation is what, exactly?|S: Mechanism, not mood — one principle wearing two coats.|N: You found the shared mechanism and retired the vibes — that is comparison done right, Sophie.","EX-124","7","The still porous pot and the 21-minute sit are one method — stillness lets the observer resonate with the field","elicit-observation,redirect,structural-why,name-last,credit-the-student","(1) shared mechanism extracted; (2) resonance rhythm named; (3) vibes-vs-mechanism split; (4) two-coats phrasing earned; (5) student states the unification","4","A still porous pot concentrates water, and meditation calms the mind. Are these actually related or just vibes?","2","Sitting practice as an arbitrary routine; it is the porous-pot mechanism of resonance, with the 21 minutes being 84 ÷ 4","'If you keep shaking it all the time very little water would seep into the pot... if you let the pot remain absolutely still, water from all the sides would simultaneously seep into the pot and fill it in the shortest time.' (RG §10.4, SoS2 p.449) and 'A quarter of it (84 ÷ 4 = 21 minutes) makes an ideal sit.' (discoveryzone.txt — Siddhi)"
"auto-validated","PL-044","grounding-partial","data/sankhya-text/SANKHYA_SCIENCE_REFERENCE_GUIDE_v2.4.txt","S: Is not one plus one equals two just a belief our culture agreed on? Other math could work.|N: Then find something nobody can argue with. Take one whole object and one more whole object — what needs agreeing?|S: Nothing — counting them is not a convention, it is what counting is. One plus one equals two is counting logic itself.|N: And where does the chapter find this logic at work before any culture?|S: In the flower counts and the cosmos both — nature starts by counting; the axiom is not voted in, it is what happens.|N: So what was the belief mistake?|S: Confusing numeral styles — which are conventional — with the counting they encode, which is not.|N: You split notation from logic — the one thing that cannot be argued with survived, Sophie.","EX-125","8","1 + 1 = 2 is counting logic, not belief — the flower counts and the cosmos both start by counting real wholes","belief-vs-knowledge,redirect,structural-why,credit-the-student","(1) convention vs counting split; (2) no-agreement test passed; (3) nature-counts evidence recalled; (4) numeral-style distinction made; (5) student states the floor","4","Is not one plus one equals two just a belief our culture agreed on? Other math could work.","2","1 + 1 = 2 as a trivial slogan; it is counting logic — the only axiom that needs no authority, proven immediately, and it seeds all complexity","'1+1=2 — Natural number counting logic — the only axiom needed' with 'Cannot be argued with, needs no outside authority, can be proven immediately, contains within itself the seed of all complexity' (RG §1.2) and 'Buttercups 5, lilies 3, cosmos 8, Shasta daisies 13, dahlias 21.' (Book 1 ch01)"
"auto-validated","PL-045","student-articulation(10w);grounding-partial","corpus/inw/book1/ch05_v5.1.md","S: Pitch and loudness both make a sound stronger, do they not? Is a loud sound also higher?|N: Take one sung note and one hammered nail — same loudness, different what?|S: Pitch — the nail rings higher. So pitch is how fast the wave oscillates — frequency — and loudness is how far it swings — amplitude.|N: Two dials on one wave, then. Which dial did the loud note move?|S: Only amplitude. Frequency never left its value — two different dials, one wave.|N: So is a loud sound automatically higher?|S: No — the dials are independent; either can move alone.|N: You separated the dials by holding one still — textbook isolation of variables, Sophie.","EX-127","8","Pitch is frequency, loudness is amplitude — two different dials on one wave","elicit-observation,tabulate,structural-why,name-last,credit-the-student","(1) two dials separated; (2) frequency-amplitude mapped; (3) independence shown by counterexample; (4) name-last honored; (5) student states the independence","4","Pitch and loudness both make a sound stronger, do they not? Is a loud sound also higher?","2","Conflating pitch and loudness as 'more sound'; thinking sound is air traveling","'When I play a higher note... the frequency increases. More waves per second.' / 'And when I play a louder note... the amplitude increases. The wave on screen grew taller.' / 'Air molecules vibrate back and forth, creating regions of compression and expansion. Those regions travel outward from the source' (Book 1 ch05)"
"auto-validated","PL-046","","corpus/inw/book1/ch07_v5.1.md","S: Why would anyone encode a science into the structure of a language? That sounds like hiding secrets in grammar.|N: Ask what a language carries that a book does not — what survives when the book is lost?|S: The structure itself — if the counting logic is built into how the language forms and holds meaning, the science rides in the speech, not the shelf.|N: And what is Sankhya's own name-meaning, per the chapter?|S: The logic of counting — so encoding it in Sanskrit structure made the counting frame the medium of transmission itself.|N: Then is that hiding or preserving?|S: Preserving with redundancy — the structure carries the science even when the listener came only for the poem.|N: You distinguished a vault from a vehicle — the grammar was the backup drive, Sophie.","EX-129","10","Sankhya = 'logic of counting'; the science was encoded into the structure of Sanskrit itself to survive","elicit-observation,redirect,structural-why,credit-the-student","(1) structure-vs-book contrast; (2) logic-of-counting meaning recalled; (3) preservation framing stated; (4) redundancy appreciated; (5) student states the mechanism","4","Why would anyone encode a science into the structure of a language? That sounds like hiding secrets in grammar.","2","Knowledge survives only through books/institutions; transmission requires understanding","'Sankhya, which means 'logic of counting' or 'enumeration.'' / 'The science was encoded into the precise structure of the Sanskrit language itself, in verses called the Sankhyakarika—so that reciting the verses faithfully kept it safe even when people forgot what it meant.' / 'Like a secret message hidden in a song' (Book 1 ch07)"
"auto-validated","PL-047","grounding-partial","corpus/inw/book2/ch01_v3.5.md","S: Space cannot be empty, the book says — but we pumped a chamber to hard vacuum. What is still in there?|N: Name what the pump removed, and what it could not touch.|S: Molecules — the pump removed the stuff. But the chamber's interior still has extent, dimension, room. No where is there no-thing.|N: So what does the empty-vacuum example actually demonstrate?|S: That even our best emptiness keeps three-dimensional structure — the where persists when the what is gone. True emptiness would have no extent at all.|N: And why can there be no such place, per the chapter?|S: Because a where with no structure is nothing at all — and nothing cannot be somewhere. The vacuum tank still has the room it encloses.|N: You distinguished stuff from space itself — the pump never touched the where, Sophie.","EX-151","9","No where is there no-thing — the 'empty' vacuum tank still has three-dimensional structure; true emptiness is a mathematical unicorn like points and lines","elicit-observation,redirect,structural-why,name-last,credit-the-student","(1) pump's reach bounded; (2) where-vs-what split; (3) no-where-is-empty argument stated; (4) vacuum reframed; (5) student states the distinction","4","Space cannot be empty, the book says — but we pumped a chamber to hard vacuum. What is still in there?","3","That 'empty space' and 'true nothing' are the same thing — that removing all contents makes the container nothing.","ch01 'The Dot' (points 0D = no existence) + 'The Cube' tank demo; Gopala's rendering 'No where is there no-thing'"
"needs-mentor","PL-048","credit-close;grounding-partial","corpus/inw/book2/ch02_v3.5.md","S: A packed crowd doing the wave — nobody leaves their seat, yet the wave crosses the stadium. How?|N: You already hold the answer's skeleton — sharpen it. What moves in the wave, and what merely passes?|S: Each person rises and sits — a local cycle. What passes is the instruction to move: the stress hands itself from neighbor to neighbor by contact.|N: So in the packed continuum, what can a component never do, and what can it do?|S: It cannot move individually — packed means no private motion — but stress transmits through contact, neighbor to neighbor, and that transmission is the event we watch.|N: Then where is the thing that travels?|S: Nowhere as stuff — the pattern of handed-on stress is the traveler. The crowd stays; the wave is the accounting.|N: The stadium ran the physics in front of you — you only had to read it, Sophie.","EX-153","6","The packed continuum: no component can move individually, but stress transmits through contact — the signal travels, not the components (dominoes stay put, the wave crosses)","elicit-observation,structural-why,contrast,credit-the-student","(1) local cycle vs passing pattern split; (2) no-private-motion stated; (3) contact transmission articulated; (4) traveler reidentified as pattern; (5) student owns the reading","4","A packed crowd doing the wave — nobody leaves their seat, yet the wave crosses the stadium. How?","3","Transmitting a signal requires the medium components themselves to move — a full medium would block everything.","ch02 'The Marble Box' — marbles locked, vibration crosses; domino chain with a gap stops (action requires contact)"
"auto-validated","PL-049","grounding-partial","corpus/inw/book2/ch03_v3.5.md","S: Entropy means everything falls apart, right? Disorder wins — that is what heat death means.|N: Check the picture against the chapter's direction of flow. When energy disperses, where does it settle — chaos, or something specific?|S: Into the lowest-energy state — the coherent one. Entropy is energy flowing downhill into coherence, not things crumbling into noise.|N: Then what is wrong with falls apart as a summary?|S: The direction is inverted — dispersal is not destruction of order but movement toward the stable resting condition. The hill has a valley, and the valley is coherent.|N: So how should heat death be phrased?|S: Everything arrived — energy fully settled into the balanced state, not smashed into confetti.|N: You turned a doom metaphor into a downhill map — the valley was the missing piece, Sophie.","EX-156","9","Entropy is energy flowing downhill into the coherent lowest-energy state — not things running out; ten people clapping in unison merge into one clean minimal clap (interaction rate drops to its minimum)","redirect,belief-vs-knowledge,structural-why,name-last,credit-the-student","(1) disorder-premise tested; (2) downhill-to-coherence stated; (3) direction corrected; (4) heat death reframed; (5) student states the map","4","Entropy means everything falls apart, right? Disorder wins — that is what heat death means.","3","Entropy means depletion and death; the second law contradicts any perpetual dynamic system.","ch03 'The Ultimate Ocean of Energy' — unison clapping; lowest-energy configuration; the water-cycle recycling"
"auto-validated","PL-050","grounding-partial","corpus/inw/book2/ch04_v3.5.md","S: How can anyone prove space itself exists? You cannot put a piece of it on the desk.|N: You cannot observe it — so what are the other ways of knowing, and which fits here?|S: Observation fails, inference reads patterns, and logical necessity proves what must be true for anything else to hold.|N: Apply the third one. For pushes to travel and waves to wave, what is logically required?|S: A medium — something substantial to carry them. No mechanism, no motion. So the stage exists because the play demands it.|N: And why is necessity stronger than inference here?|S: Inference might be revised by new evidence; necessity cannot — without a substantial stage, nothing we observe could happen at all.|N: So you prove the stage exists not by holding it but by showing nothing works without it.|S: Exactly — logical necessity: the play is the proof. Remove the stage and there is no play to be wrong about.|N: You ran all three ways of knowing and landed on the strongest — that is how the existence of space is proved, Sophie.","EX-157","9","Three ways to know: observation, inference, and logical necessity — you prove the stage exists from the play; the substratum is inferred because the observable phenomena require a medium","elicit-observation,tabulate,structural-why,name-last,credit-the-student","(1) three ways enumerated; (2) necessity applied to the medium; (3) no-thing-no-play logic completed by student; (4) necessity-vs-inference ranked; (5) name-last honored","5","How can anyone prove space itself exists? You cannot put a piece of it on the desk.","3","Everything real must be directly observable; a logically-necessary invisible entity cannot be established.","ch04 'Observation, Inference, and Logical Necessity' — four-finger proof chain; stage-from-the-play analogy"
"auto-validated","PL-051","grounding-partial","corpus/inw/book2/ch06_v3.5.md","S: The equations came first, surely — we wrote the math and reality followed. Is that not how physics works?|N: Then test the direction on the chapter's image: is the equation the fountain, or the description of it?|S: The description — reality first, mathematics second. The fountain flows whether or not anyone writes its flow rate down.|N: So what do our equations actually do?|S: They describe the fountain — they trace what the activity already does. Transitions in nature cause the transitions in our math, never the reverse.|N: Then what is the danger of believing math comes first?|S: You start editing reality to fit the notation — mistaking the map's tidy edges for the territory's actual ones.|N: You kept the fountain upstream of the formula — the causality runs the right way, Sophie.","EX-160","9","Reality first, mathematics second — equations describe the fountain, they don't cause it; transcendental numbers are indicators that the underlying process never terminates, not forces that command nature","redirect,belief-vs-knowledge,structural-why,credit-the-student","(1) direction-of-derivation tested; (2) fountain image deployed; (3) describe-vs-cause split; (4) notation-danger named; (5) student states the ordering","4","The equations came first, surely — we wrote the math and reality followed. Is that not how physics works?","3","Numbers like pi and e are causal agents that make nature behave as it does.","ch06 'Reality First, Math Second' — the fountain argument; transcendence as indicator of non-terminating process"
"needs-mentor","PL-052","credit-close;grounding-partial","corpus/inw/book2/ch07_v3.5.md","S: Fibonacci builds from the past: each term sums the two before. Does the Sankhya ladder count the other direction?|N: Set them side by side. In Fibonacci, what does each new term owe?|S: The past — the two before it. Past creates present: the sequence looks backward to make the next number.|N: And the Sankhya count-rate ladder — what does each rung owe?|S: The structure — each rung is the same substratum counted at a different rate, so every rung implies the whole ladder at once. It reads top-down or all-at-once, not backward.|N: Then what is the deep contrast between the two counts?|S: Direction of dependence — Fibonacci is historical, each term an event built from prior events; Sankhya's counting is structural, rungs of one thing, not memories of two.|N: Past-creates-present versus all-at-once — you triangulated both counting logics, Sophie.","EX-162","7","Fibonacci counts backward (past creates present — each term is the sum of the two before); Sankhya triangular counting reaches forward (present creates future — add the next counting number); both converge at 55 on the tenth count","contrast,structural-why,elicit-observation,name-last,credit-the-student","(1) backward-dependence stated; (2) ladder's structural reading stated; (3) historical vs structural split; (4) same substratum recalled; (5) student states the contrast","4","Fibonacci builds from the past: each term sums the two before. Does the Sankhya ladder count the other direction?","3","Fibonacci is the only natural counting scheme, or the triangular series is just an arbitrary puzzle sequence.","ch07 'Two Ways to Count' — both columns, convergence at 55 on the tenth count"
"needs-mentor","PL-053","credit-close;grounding-partial","corpus/inw/book2/ch10_v3.5.md","S: Every spinning thing spins, so the atom's breathing must include some rotation too, no?|N: Slow down — can a boundary exist with zero spin? What does the chapter say about the breathing mode alone?|S: The breathing-mode boundary exists without any spin — perfectly synchronized three-axis breathing, in and out, no rotation anywhere.|N: Then what does that cleanliness rule out?|S: The assumption that spin comes free with existence. Breathing is one condition; spin is another — broken synchronization — and you can have the first without the second.|N: So where does spin actually come from, when it appears?|S: From desynchronization — not from the breathing, which is complete without it.|N: You decoupled existence from rotation — the breath does not imply the spin, Sophie.","EX-166","7","The breathing mode boundary exists without any spin — perfectly synchronised three-axis breathing has a stationary centre and no rotation; apparent spin is the signature of broken synchronisation (one axis out of phase looks like rotation)","elicit-observation,redirect,structural-why,credit-the-student","(1) spinless breathing affirmed; (2) conditions decoupled; (3) spin's origin pointed elsewhere; (4) no free-rotation assumption; (5) student states the decoupling","4","Every spinning thing spins, so the atom's breathing must include some rotation too, no?","3","Spin is an intrinsic property of fundamental particles, independent of any synchronisation.","ch10 'The Boundary Without Spin' — breathing balloon, no spin at full sync; wobble = one axis offset"
"auto-validated","PL-054","grounding-partial","corpus/inw/book2/ch05_v3.5.md","S: Ten people clapping in unison sound like one clap to me. Did nine claps vanish?|N: Where would they go — check the ledger. What does each clap contribute in the unison case?|S: Its activity — but merged. Simultaneous activity merges counts: ten claps in unison register as one intense event, not ten stacked sounds.|N: Then what is the intensity made of?|S: All ten contributions — none vanished, they combined. One loud report with ten claps inside it.|N: And in sequence, what changes?|S: Nothing merges — ten claps in a row stay ten discernible events; sequential activity keeps counts discrete.|N: So merge versus keep-apart is the switch — what controls it?|S: Timing: unison merges, succession separates. The count is the same; the register is not.|N: Nine claps were inside the one — you audited the ledger correctly, Sophie.","EX-168","9","The master distinction: simultaneous activity merges counts (ten people clapping in unison = one loud clap; nine 'missing' claps are hidden in count density, not lost), sequential reveals them; objects are simultaneous-dominant, radiation is sequential-dominant","elicit-observation,quantify,structural-why,name-last,credit-the-student","(1) merge-vs-discrete distinguished; (2) ledger kept honest; (3) timing identified as the switch; (4) intensity accounted; (5) student states the mechanism","5","Ten people clapping in unison sound like one clap to me. Did nine claps vanish?","3","Simultaneous oscillation events remain individually countable; merging would destroy energy.","ch05 'The Master Distinction' — the ten-claps demo; objects simultaneous-dominant, radiation sequential-dominant"
"auto-validated","PL-055","grounding-partial","corpus/inw/book2/ch01_v3.5.md","S: A sheet of paper is flat — that is two-dimensional, is it not?|N: How thick is that sheet, really?|S: About a tenth of a millimeter — so it has depth. And the soap bubble wall the chapter mentions is about a hundred molecules thick.|N: Then is anything real exactly two-dimensional?|S: No — nothing real is exactly 1D or 2D. Paper is a very thin three-dimensional thing; the flatness is approximation, not fact.|N: So what are the ideal dimensions for?|S: Tools — ideal points, lines, and planes are how we simplify, and the numbers above tell us exactly how good the simplification is.|N: You kept the approximation honest by measuring its thickness — the dimension was a tool, Sophie.","EX-175","8","Nothing real is exactly 1D or 2D — paper is about 0.1 mm thick, a soap bubble wall is about 100 molecules thick; form = the ability to exist, interact, and be detected, and form requires extent in all three directions (the 'Is It Real?' test)","elicit-observation,quantitative-care,structural-why,credit-the-student","(1) thickness recalled; (2) exactness claim rejected; (3) idealization-as-tool stated; (4) approximation quality quantified; (5) student states the honesty","4","A sheet of paper is flat — that is two-dimensional, is it not?","2","Thin objects are truly 2D; dimension is a matter of appearance rather than measurable extent.","ch01 'The Thread' — paper ~0.1 mm, soap film ~100 molecules; form = exist, interact, be detected"
"auto-validated","PL-056","grounding-partial","corpus/inw/book1/ch01_v5.1.md","S: Book 1 proved the sequence with petals. Chapter 7 just mentions windshield wipers. Are these the same proof?|N: Compare the evidentiary weight. What did the petal counts carry that the wipers do not?|S: Primary evidence — observed counts, three plus five equals eight from the garden itself. The wipers are a mechanical echo, a designed device that happens to repeat the pattern.|N: So does the wiper prove anything about nature?|S: Not about nature's choices — only that the rule can be engineered. The garden arrived at the rule; the wiper was installed with it.|N: Then how do the two chapters relate?|S: Book 1 arrived at the sequence by evidence, and chapter 7 arrives by windshield — the same rule met twice, once grown and once built.|N: Grown versus built is the whole distinction — you weighed the evidence correctly, Sophie.","EX-191","8","Book 1 arrived at the sequence by evidence (petal counts, 3+5=8) and ch07 arrives by windshield structure — same numbers, two routes; both lead to 55 at count 10","contrast,elicit-observation,structural-why,name-last,credit-the-student","(1) evidence tiers compared; (2) garden-vs-factory distinction; (3) wiper's proof-scope bounded; (4) same-rule-twice framing; (5) student states the weighing","4","Book 1 proved the sequence with petals. Chapter 7 just mentions windshield wipers. Are these the same proof?","3","Treating Book 1's evidence-derived sequence and ch07's structural sequence as coincidentally equal rather than two routes to one fact","Book 1 ch01 '3 + 5 = 8! … Each number is made by adding the two numbers before it!'; ch07 windshield counting, both routes reach 55 at count 10"
"auto-validated","PL-057","grounding-partial","data/sankhya-text/SANKHYA_SCIENCE_REFERENCE_GUIDE_v2.4.txt","S: Every framework needs a starting point that cannot be argued with. Does such a thing even exist?|N: Test candidates. Is the existence of atoms unarguable — could an argument remove them?|S: Not really — atoms are found, not derived; evidence could in principle be reinterpreted.|N: Now try the guide's candidate: one plus one equals two. What could dispute it?|S: Nothing — it is not a claim about the world but the act of counting itself. To argue with it you would have to count your objections, using it.|N: So what makes it the core axiom?|S: It needs no outside authority, no instrument, no belief — it is the single provable truth that performs itself in the attempt to refute it.|N: You found the floor by trying to dig below it — the refutation attempt is the confirmation, Sophie.","EX-201","8","The core axiom 1+1=2: the single provable truth that cannot be argued with, needs no outside authority, is provable immediately, and contains the seed of all complexity","belief-vs-knowledge,structural-why,derive-step,credit-the-student","(1) candidate tested and rejected; (2) self-performing logic articulated; (3) no-outside-authority criterion met; (4) performative refutation noticed; (5) student states the floor","4","Every framework needs a starting point that cannot be argued with. Does such a thing even exist?","3","That all axioms are equal conventions, so Sankhya's starting point is just another chosen assumption","RG §1.2 '1+1=2 — Natural number counting logic — the only axiom needed. This is the ONLY truth that cannot be argued with, needs no outside authority, can be proven immediately, contains within itself the seed of all complexity'"
"needs-mentor","PL-058","credit-close;grounding-partial","data/sankhya-text/SANKHYA_SCIENCE_REFERENCE_GUIDE_v2.4.txt","S: Heisenberg says uncertainty is fundamental. Is counting doomed to fuzziness too?|N: Separate the two activities. What is uncertain in a measurement, and what is uncertain in a count?|S: A measurement compares against a standard that varies — but counting interactions is certain and accurate. Seven vibrations is seven, not seven-ish.|N: Then where does uncertainty actually enter, per the chapter?|S: Only when one stops counting — when you leave the countable register and rely on a gauge, fuzz appears. The fuzz is in the transition, not in the interactions.|N: So is uncertainty fundamental or positional?|S: Positional — it lives at the simultaneous-to-sequential transition, an artifact of switching registers, not a limit on the counting itself.|N: You relocated the fuzz from the universe to the register switch — that is where the chapter puts it, Sophie.","EX-211","7","Counting interactions is certain and accurate — uncertainty enters only when one stops counting and measures position; measurement is relative, counting is not","redirect,quantitative-care,structural-why,name-last,credit-the-student","(1) count-vs-measure split; (2) certainty of interactions stated; (3) fuzz relocated to transition; (4) fundamental claim downgraded; (5) student states the relocation","4","Heisenberg says uncertainty is fundamental. Is counting doomed to fuzziness too?","3","Accepting uncertainty as a fundamental law instead of a property of measurement versus counting","RG §1.4 'Uncertainty is fundamental' → 'Counting interactions is certain and accurate'; Part 13 'Count, Don't Assume — Counting interactions is certain. Time and measurement are relative'"
"auto-validated","PL-059","","data/sankhya-text/SANKHYA_SCIENCE_REFERENCE_GUIDE_v2.4.txt","S: This is taking forever — just tell me the answer and I will memorize it. Why insist I derive everything?|N: Because of what memorized answers do under pressure. What happens to a told answer when the question changes shape?|S: It breaks — I cannot bend it. But something I derived, I can rewalk the steps and rebuild it in the new shape.|N: And which one do you actually own?|S: The derived one — telling is faster, but the learner owns only what was earned. I own the derivations, not the dictations.|N: Then is my refusal a speed issue or an ownership issue?|S: Ownership — derive, do not believe: show the logical steps so the result is mine to keep.|N: You priced the shortcut honestly — the slow path was the only one that transfers, Sophie.","EX-216","10","Derive, Don't Believe — show the logical steps; never ask readers to accept a claim without derivation","belief-vs-knowledge,redirect,structural-why,credit-the-student","(1) told-vs-derived contrast; (2) transfer-under-change test; (3) ownership principle stated; (4) speed conceded honestly; (5) student states the motto","4","This is taking forever — just tell me the answer and I will memorize it. Why insist I derive everything?","2","Equating learning with accepting expert authority instead of reconstructing the derivation","RG Part 13 'Derive, Don't Believe — Show the logical steps. Never ask readers to accept without derivation'"
"auto-validated","PL-060","grounding-partial","data/sankhya-text/SANKHYA_SCIENCE_REFERENCE_GUIDE_v2.4.txt","S: The guide lists two light speeds — C equals 296,575,967 and c equals about 300 million. Which one is the real speed of light?|N: Before choosing — what kind of quantity is each? What does the guide say C is derived as?|S: C is the axiomatic count rate — derived from within the framework as 10 to the 2 over x cubed — the substratum's own oscillation rate.|N: And the 299,792,458 that the meter stick loves?|S: c is the terrestrial measured value — the lab number for light's propagation, close to but distinct from the count rate.|N: Then is one fake?|S: Neither — they are two light speeds in two registers: the axiomatic rate C of the medium's counting, and the measured speed c of propagation we instrument. Different jobs, both real.|N: And why does the small mismatch matter to the guide?|S: It is data — the gap between derivation and measurement is exactly what a rigorous framework must account for, not hide.|N: You refused the either-or and kept both registers honest — that is the d5 discipline, Sophie.","EX-222","8","The two light speeds: the axiomatic count-rate C = Cs = 296,575,967 and the measured light speed c = CL = 299,792,458 on Earth, reconciled by the blue-shift factor Fc = CL/Cs ≈ 1.010845","tabulate,derive-step,quantitative-care,name-last,credit-the-student","(1) C identified as axiomatic count rate; (2) c identified as measured; (3) neither dismissed; (4) mismatch treated as signal; (5) two-register conclusion by student","5","The guide lists two light speeds — C equals 296,575,967 and c equals about 300 million. Which one is the real speed of light?","5","Treating the two quoted values as a contradiction instead of count-rate versus measured speed linked by Fc","RG §2.8a 'The Two Light Speeds: C (Cs) vs c (CL)'; Appendix A 'C = Cs = 296,575,967 — axiomatic count-rate', 'c = CL = 299,792,458 — speed of light on Earth (= Cs × Fc)', 'Fc = 1.010845 = CL / Cs'"
